{"cameraMode":{"drawMode":0,"name":"Shaded","section":"Shading Mode"},"sceneLighting":false,"audioPlay":false,"sceneViewState":{"m_AlwaysRefresh":false,"showFog":true,"showSkybox":false,"showFlares":true,"showImageEffects":true,"showParticleSystems":true,"showVisualEffectGraphs":true,"m_FxEnabled":true},"in2DMode":false,"pivot":{"x":-1.4249610900878907,"y":2.2017133235931398,"z":0.00861048698425293},"rotation":{"x":-0.015790116041898729,"y":0.9702321887016296,"z":-0.06589213013648987,"w":-0.23250111937522889},"size":1.2247449159622193,"orthographic":false}